<beans xmlns="http://www.springframework.org/schema/beans"
	xmlns:xsi="http://www.w3.org/2001/XMLSchema-instance"
	xmlns:mvc="http://www.springframework.org/schema/mvc"
	xmlns:jee="http://www.springframework.org/schema/jee"
	xmlns:context="http://www.springframework.org/schema/context"
	xmlns:tx="http://www.springframework.org/schema/tx"
	xsi:schemaLocation="http://www.springframework.org/schema/mvc http://www.springframework.org/schema/mvc/spring-mvc-3.1.xsd
		http://www.springframework.org/schema/jee http://www.springframework.org/schema/jee/spring-jee-3.1.xsd
		http://www.springframework.org/schema/beans http://www.springframework.org/schema/beans/spring-beans-3.1.xsd
		http://www.springframework.org/schema/context http://www.springframework.org/schema/context/spring-context-3.1.xsd
		http://www.springframework.org/schema/tx http://www.springframework.org/schema/tx/spring-tx-3.1.xsd">
		
	<!-- Root Context: defines shared resources visible to all other web components -->
		
	<context:component-scan base-package="kr.co.jhta.service" />

	<!-- jee를 사용한 DB 커넥션 풀 설정 -->
	<jee:jndi-lookup jndi-name="jdbc/myoracle" id="dataSource" />

	<!-- 커넥션 풀 설정 jee를 사용하지 않는 경우 -->
	<!-- <bean id="dataSource" class="org.springframework.jdbc.datasource.DriverManagerDataSource">
		<property name="driverClassName" value="com.mysql.jdbc.Driver" />
		<property name="url" value="jdbc:mysql://localhost:3306/my_db"/>
		<property name="username" value="myuser" />
		<property name="password" value="zxcv1234" />
		</bean> -->
	
	<!-- 트랜잭션 매니저 설정 -->
	<bean id="transactionManager" class="org.springframework.jdbc.datasource.DataSourceTransactionManager">
		<property name="dataSource" ref="dataSource"/>
	</bean>

	<!-- 트랜잭션 매니저 어노테이션 스캔 -->
	<tx:annotation-driven transaction-manager="transactionManager"/>
		
	<!-- sqlSession 핵심 객체를 만들어 내는 Factory -->
	<bean id="sqlSessionFactory" class="org.mybatis.spring.SqlSessionFactoryBean">
		<property name="dataSource" ref="dataSource"/>
		<property name="configLocation" value="classpath:/META-INF/mybatis/mybatis-config.xml" />
	</bean>
	
	<!-- MapperFactoryBean을 사용해 자동으로 인터페이스 Mapping을  지원 -->
	<bean class="org.mybatis.spring.mapper.MapperScannerConfigurer">
		<property name="sqlSessionFactoryBeanName" value="sqlSessionFactory"/>
		<property name="basePackage" value="kr.co.jhta.dao.*" />
	</bean>
	
</beans>