<?xml version="1.0" encoding="UTF-8"?>
<!DOCTYPE configuration
  PUBLIC "-//mybatis.org//DTD Config 3.0//EN"
  "http://mybatis.org/dtd/mybatis-3-config.dtd">
<configuration>
	<typeAliases>
		<typeAlias alias="student" type="kr.co.jhta.vo.stu.Student"/>
		<typeAlias alias="subject" type="kr.co.jhta.vo.Subject"/>
		<typeAlias alias="semester" type="kr.co.jhta.vo.Semester"/>
		<typeAlias alias="division" type="kr.co.jhta.vo.SubjectDivision"/>
		<typeAlias alias="attendance" type="kr.co.jhta.vo.Attendance"/>
		<typeAlias alias="report" type="kr.co.jhta.vo.Report"/>
		<typeAlias alias="sitemap" type="kr.co.jhta.vo.SiteMap"/>
	</typeAliases>
	
	<mappers>
		<mapper resource="META-INF/mybatis/mappers/lecture/lecture.xml"/>		
		<mapper resource="META-INF/mybatis/mappers/lecture/openlecture.xml"/>	
		<mapper resource="META-INF/mybatis/mappers/major/subject.xml"/>			<!-- subject -->
		<mapper resource="META-INF/mybatis/mappers/major/semester.xml"/>		<!-- semester -->
		<mapper resource="META-INF/mybatis/mappers/major/division.xml"/>		<!-- division -->
		<!-- <mapper resource="META-INF/mybatis/mappers/board/board.xml"/> -->
		<!-- <mapper resource="META-INF/mybatis/mappers/board/review.xml"/> -->
		<!-- <mapper resource="META-INF/mybatis/mappers/score/attendance.xml"/> -->
		<mapper resource="META-INF/mybatis/mappers/score/score.xml"/>
		<!-- <mapper resource="META-INF/mybatis/mappers/score/report.xml"/> -->
		<mapper resource="META-INF/mybatis/mappers/user/enroll.xml"/>
		<mapper resource="META-INF/mybatis/mappers/user/student.xml"/>			<!-- student -->
		<mapper resource="META-INF/mybatis/mappers/user/professor.xml"/>
		<mapper resource="META-INF/mybatis/mappers/user/syllabus.xml"/>
		<mapper resource="META-INF/mybatis/mappers/sitemap.xml"/>
		<!-- <mapper resource="META-INF/mybatis/mappers/messege.xml"/> -->
	</mappers>
</configuration>
